PC1,PC2,neurotransmitter,cell_type,bodyId
0.12537621079666122,-1.5805126610465885,acetylcholine,DA1_lPN,722817260
0.2663883092504873,-2.0307970141588414,acetylcholine,DA1_lPN,754534424
-0.02945450450993638,-2.003204741321729,acetylcholine,DA1_lPN,754538881
-0.6213031121312488,-1.4570991550342653,acetylcholine,DA1_lPN,1734350788
0.21586302270340296,-1.465543825725445,acetylcholine,DA1_lPN,1734350908
0.08366750401321524,-1.7337669990261746,acetylcholine,DA1_lPN,1765040289
0.011715708137137513,-1.5250787694208154,acetylcholine,DA1_lPN,5813039315
-0.9047883465090458,-1.1070911550627398,gaba,DA1_vPN,733316908
-2.7903910878391254,1.1986109196518857,acetylcholine,DA2_lPN,818983130
-3.0246614722488223,1.454816764747787,acetylcholine,DA2_lPN,1796817841
-2.403771665849929,1.2372272735241232,acetylcholine,DA2_lPN,1796818119
-3.2152285052807,1.68690328152625,acetylcholine,DA2_lPN,1797505019
-2.9526289311306133,1.4184805262817486,acetylcholine,DA2_lPN,1827516355
-2.4477927710430762,0.12157158825976784,acetylcholine,DA3_adPN,666135689
-3.2579133345101075,-1.6481070342611297,acetylcholine,DA3_adPN,1702806746
-3.518149645613447,-1.6591359014661167,acetylcholine,DA3_adPN,1702815630
-2.3498638993503422,0.28369180939745087,acetylcholine,DA3_adPN,1703683361
0.4193484184565484,1.441169003019075,acetylcholine,DA4l_adPN,544021095
0.6598655427958251,1.0146465568139187,acetylcholine,DA4m_adPN,574037266
8.79602980527826,1.8235708807327478,acetylcholine,DC1_adPN,1640594274
-0.7323794776835203,-1.083252814076027,acetylcholine,DC2_adPN,1380503545
-0.06621143331472487,-0.8576341643282022,acetylcholine,DC2_adPN,1703479954
1.860791925912031,0.6455183346172383,acetylcholine,DC2_adPN,1828206773
-2.873473974710593,-1.180089825707729,acetylcholine,DC2_adPN,1889335463
1.5153320439728748,0.551872260022014,acetylcholine,DC2_adPN,5813055048
0.28180676681320155,-0.004850477793076494,acetylcholine,DC3_adPN,1857825571
0.29826332027516,0.03707303229679303,acetylcholine,DC3_adPN,1858171399
1.2150336983369847,0.07054015039211763,acetylcholine,DC3_adPN,5813039471
0.38035166123501213,-1.5551167035020352,acetylcholine,DC4_adPN,5813049472
2.7759583609946503,0.7555319683914231,acetylcholine,DC4_adPN,5813056596
-4.3665923817716115,-0.46083804996402067,gaba,DC4_vPN,697848868
-4.159996910457607,-0.7349904815435635,gaba,DC4_vPN,1447201088
-2.4716765292449945,-0.8284691295353419,acetylcholine,DL1_adPN,1484850301
-3.1271779102301562,-0.8604885023831003,acetylcholine,DL1_adPN,1670079387
3.239967602069762,-0.02577860160045338,acetylcholine,DL1_adPN,1700937093
3.453494153019233,-0.3853261775698199,acetylcholine,DL1_adPN,1700946301
0.5328056066888146,0.06429428001877116,acetylcholine,DL2d_adPN,788648194
-1.212878165592674,-0.5056913228839265,acetylcholine,DL2d_adPN,1756579280
0.46327263097463606,-0.38372347738296114,acetylcholine,DL2d_adPN,1793014716
-2.407209803621523,-0.4288957293303775,acetylcholine,DL2d_adPN,1793351401
-0.21202843425110443,-0.5241499262093583,acetylcholine,DL2d_adPN,5813024710
-4.126154572656678,1.4067078292415491,gaba,DL2d_vPN,823314446
-0.8416818140944281,-0.7629018948207386,acetylcholine,DL2v_adPN,1734420152
0.7690142455774742,-0.14750814460307457,acetylcholine,DL2v_adPN,5813038793
0.9450447574312207,-0.6616894450009394,acetylcholine,DL2v_adPN,5813039465
1.8855294749653981,-0.5972913964530714,acetylcholine,DL3_lPN,1609542060
-1.8496661272238848,-0.6932596047756246,acetylcholine,DL3_lPN,1609883245
-2.1425455075866253,-0.9373146431227489,acetylcholine,DL3_lPN,1640568102
1.1455556137649108,-0.021262080395988064,acetylcholine,DL4_adPN,1670934213
-1.4861221108564826,-1.6653278690675464,acetylcholine,DL4_adPN,1671102680
5.3183510652437445,1.12529741733587,acetylcholine,DL5_adPN,693483018
-2.609718198341829,-1.2702719424832203,acetylcholine,DL5_adPN,1700428338
11.766719546964977,1.0693597860023116,acetylcholine,DM1_lPN,542634818
5.414047834681186,-1.8173846502665147,acetylcholine,DM1_lPN,5813061392
2.7368755723005025,0.30887903361132907,acetylcholine,DM2_lPN,630714299
-0.32223459387658404,-1.794128368316229,acetylcholine,DM2_lPN,5813050013
1.2884318478813706,-1.1744998977822747,acetylcholine,DM2_lPN,5813054061
2.466409712586826,0.4997140399506543,acetylcholine,DM2_lPN,5901222910
4.247093353701553,1.1437037836788784,acetylcholine,DM3_adPN,755518957
1.6937829573424612,-4.3509205419788906,acetylcholine,DM3_adPN,850898421
-4.068974842507703,-0.18090208492273588,gaba,DM3_vPN,1570685283
8.44817513759778,1.3785842309699528,acetylcholine,DM4_adPN,573333835
1.722009518271024,-1.5080362938398297,acetylcholine,DM4_adPN,851235543
-4.631986871037578,1.3609350932351987,gaba,DM4_vPN,542652506
-3.589724242006264,0.9479217815740053,gaba,DM4_vPN,604031203
-1.8843865797014105,2.219017292875311,acetylcholine,DM5_lPN,635416407
-2.193602858828819,2.598679054129286,acetylcholine,DM5_lPN,697485362
-2.267967526406419,-1.751286530103796,acetylcholine,DM5_lPN,5901195610
-0.5993395012872177,-0.03507610690283892,acetylcholine,DM6_adPN,788306624
-1.5714819812458225,-2.263861084275316,acetylcholine,DM6_adPN,881933350
-1.617852649768318,-2.4021628706043527,acetylcholine,DM6_adPN,882615309
-1.8476526866216019,-2.362831436864474,acetylcholine,DM6_adPN,913649999
-0.469610673935828,-0.5238572373478484,acetylcholine,DM6_adPN,1764091241
-0.5452336641788602,0.038454249570566604,acetylcholine,DM6_adPN,5813039235
-0.8062207750840714,0.24287664200639478,acetylcholine,DM6_adPN,5813070872
10.13895719525145,1.1729961080744828,acetylcholine,DP1l_adPN,724816115
-4.40435815284741,0.7314939410114495,gaba,DP1l_vPN,730213826
14.949573433417061,0.9749733693259425,acetylcholine,DP1m_adPN,635062078
5.345116659959888,-2.1191256377825685,acetylcholine,DP1m_adPN,1006068474
-3.874067282522508,0.6281675639658227,gaba,DP1m_vPN,635048729
0.48246025865240677,0.05224497434943675,acetylcholine,D_adPN,1536947502
-0.6950408902992139,-1.6352540706307181,acetylcholine,D_adPN,1671076884
-0.5272307739716763,-1.5754238941716177,acetylcholine,D_adPN,5812994744
0.546748984328472,-0.09401615781349125,acetylcholine,D_adPN,5813038889
0.5194638872846233,-0.10069477952939349,acetylcholine,D_adPN,5813055184
-4.443330144250029,1.8944887055707835,gaba,DM3_vPN,603349484
-4.599648349549886,1.370345914493057,gaba,DM3_vPN,635407942
-4.74235877145297,2.1237066053880067,gaba,DM3_vPN,634379734
-4.841804660278772,5.224115312714697,gaba,DM3_vPN,481268653
-4.64245318675443,6.814494005779047,gaba,DM3_vPN,1694850602
-4.777886839660831,5.6467232017287925,gaba,DM3_vPN,1819326555
1.258244224336796,-0.9981395275596174,acetylcholine,VA1d_adPN,850375847
2.1149583415464,-1.0882517470439284,acetylcholine,VA1d_adPN,1851061177
1.713628996828636,-1.0923795067552915,acetylcholine,VA1d_adPN,5813055162
-2.181615917095653,-0.5082041261414124,gaba,VA1d_vPN,1888524453
0.5394160947782995,-1.196655903017363,acetylcholine,VA1v_adPN,1788300760
0.8440271317893566,-0.8990683114324635,acetylcholine,VA1v_adPN,5813024601
0.5209629801776061,-1.006881003699418,acetylcholine,VA1v_adPN,5813054697
-0.9564052792117582,-1.0141234050531756,gaba,VA1v_vPN,856071065
-0.998292453700288,-1.1485695730507743,gaba,VA1v_vPN,887105351
7.094096644195781,0.9302564705230101,acetylcholine,VA2_adPN,1977579449
2.1370912950256415,0.765378611703554,acetylcholine,VA3_adPN,1889253785
2.329373081828618,0.5130645662012548,acetylcholine,VA3_adPN,5813055025
4.83161930363584,1.1883989610648487,acetylcholine,VA4_lPN,1630051981
0.5839715121488724,0.21685703665521763,acetylcholine,VA5_lPN,574032862
0.44647968421437123,-0.020525539383220014,acetylcholine,VA5_lPN,574037281
0.6047921844147206,0.12471709214929096,acetylcholine,VA5_lPN,574374051
0.9271206527458563,-2.538480849349925,acetylcholine,VA6_adPN,1578658131
6.566397339920991,0.30368519336331645,acetylcholine,VA6_adPN,1881751117
3.458965737004007,1.579751151790381,acetylcholine,VA7l_adPN,1692817033
-0.8121376823486088,0.24394435061533454,acetylcholine,VA7m_lPN,1882083076
-0.6971759342058901,0.45833896580523614,acetylcholine,VA7m_lPN,5813050729
-1.0160988453243958,0.35841728600332406,acetylcholine,VA7m_lPN,5813055180
6.0648979271315495,1.1222150752445619,acetylcholine,VC1_lPN,606090268
4.189522495604187,1.1934172232748474,acetylcholine,VC2_lPN,1850706912
-0.14775656158997336,0.28022397724359854,acetylcholine,VC3_adPN,693125078
0.03426991949337372,0.09062037932228821,acetylcholine,VC3_adPN,1914823337
-0.019959943667246443,0.4036354791174101,acetylcholine,VC3_adPN,5813000276
0.7063956789752345,0.7148097399232558,acetylcholine,VC5_lvPN,662776660
-0.08363153133751455,1.0731295370805478,acetylcholine,VC5_lvPN,1442819296
-1.2545048285668206,0.7036692572128548,acetylcholine,VC5_lvPN,1818307672
-1.4164853532748962,1.1069709925167086,acetylcholine,VC4_adPN,754854077
-0.4641617631358492,-0.08891038128976801,acetylcholine,VC4_adPN,788306724
0.4016395792751136,0.6198677605529459,acetylcholine,VC4_adPN,5813055147
6.153010373849344,0.24736967324351106,acetylcholine,VM6_adPN,636789080
1.8815479908919945,-1.4755550389758618,acetylcholine,VL1_ilPN,1912789965
0.8300683013421051,-0.7906634106824413,acetylcholine,VL1_ilPN,2166133204
-0.03128866934855316,-0.3471206620100454,gaba,VL1_vPN,757556799
7.970217753518631,0.7027591447132795,acetylcholine,VL2a_adPN,5813069089
-3.4030354403525944,-1.3343431265105963,gaba,VL2a_vPN,948834414
-3.2381687206090786,-1.366281122596958,gaba,VL2a_vPN,1889883818
-3.626475004756429,-0.7077281355313952,gaba,VL2a_vPN,5813077810
9.736778589929205,1.3352867159027773,acetylcholine,VL2p_adPN,1944507292
-2.8177926897514873,-0.5575282555615773,gaba,VL2p_vPN,824353701
1.085537513030105,0.7356132020901648,acetylcholine,VM1_lPN,1850711304
-2.7842975076750376,6.585064941768806,acetylcholine,VM2_adPN,697132371
-2.930355110541549,4.453593335175117,acetylcholine,VM2_adPN,727472481
-0.7599404538989576,1.3691248541896015,acetylcholine,VM3_adPN,1851389175
-0.9777692985832788,1.3629705556998297,acetylcholine,VM3_adPN,1977916288
0.7098400427897158,1.1422824322735765,acetylcholine,VM4_adPN,694834412
-2.2931788447295656,-0.44876000379989966,acetylcholine,VM4_lvPN,726207450
-2.821421880670993,-0.2469336984518078,acetylcholine,VM4_lvPN,1850024931
-0.8469084647283636,-0.5523016369236473,acetylcholine,VM5d_adPN,1006258344
-2.36724661552806,-1.2718885228090502,acetylcholine,VM5d_adPN,1547273567
-2.1759806031074036,-1.1912337572042886,acetylcholine,VM5d_adPN,1693577325
-2.6721952019925252,-1.434612272597733,acetylcholine,VM5d_adPN,1856259388
-1.6278792299340161,-0.7731269656101827,acetylcholine,VM5d_adPN,1888572074
-1.1470396748084415,-0.5178112896917573,acetylcholine,VM5d_adPN,1914140664
-0.8434248395890065,-0.6190697291674478,acetylcholine,VM5d_adPN,1914823414
-1.771789127992866,-0.4213720946417042,acetylcholine,VM5d_adPN,5813024712
-3.105632584802977,-1.1352312255985046,acetylcholine,VM5v_adPN,1887971628
-0.15453735603166655,-0.058449024507051923,acetylcholine,VM5v_adPN,2010992546
0.1610520582472126,0.11428398350520884,acetylcholine,VM5v_adPN,5813034571
-2.809867297822697,-0.9093340086671993,acetylcholine,VM7d_adPN,913650065
-2.085432394986877,-0.8918917941513207,acetylcholine,VM7d_adPN,913650068
0.20089432457337966,0.34401437149702496,acetylcholine,VM7d_adPN,1851393805
0.9950446368189693,0.48094998329515426,acetylcholine,VM7d_adPN,5813050727
-1.8671678092359423,-0.7999170747831292,acetylcholine,VM7d_adPN,5813057542
-0.5142523793805207,0.5734810620903737,acetylcholine,VM7v_adPN,693479072
-3.095385431421437,-0.7381102013963855,acetylcholine,VM7v_adPN,820545761
-3.0381135256465615,-0.8349749200687764,acetylcholine,VM7v_adPN,913650164
-0.67456846218898,0.7072392116695263,acetylcholine,VM7v_adPN,1889253763
3.3463405366903145,0.8894650694709666,acetylcholine,V_ilPN,698508565
3.330716518833505,0.45787415833569567,acetylcholine,V_ilPN,2064165421
0.5016670447898498,-0.7717912186555428,acetylcholine,V_l2PN,666818300
