bodyId,hemibrain_type,cell_type,neurotransmitter,outgoing_edges,outgoing_synapses,outgoing_mean_synapses,outgoing_median_synapses,outgoing_max_synapses,outgoing_synapse_sd,incoming_edges,incoming_synapses,incoming_mean_synapses,incoming_median_synapses,incoming_max_synapses,incoming_synapse_sd,total_edges,total_synapses,outgoing_incoming_edge_ratio,outgoing_incoming_synapse_ratio
722817260,DA1_lPN,DA1_lPN,acetylcholine,327,2288,6.996941896024465,3.0,68,9.20772497462158,296,2270,7.668918918918919,5.0,96,9.421496166413412,623,4558,1.1047297297297298,1.0079295154185022
754534424,DA1_lPN,DA1_lPN,acetylcholine,308,2216,7.194805194805195,3.0,74,9.927475066688023,284,2260,7.957746478873239,6.0,111,9.788125234712295,592,4476,1.0845070422535212,0.9805309734513274
754538881,DA1_lPN,DA1_lPN,acetylcholine,310,1908,6.15483870967742,3.0,76,8.39798244801704,270,2195,8.12962962962963,6.0,100,10.212329992572007,580,4103,1.1481481481481481,0.869248291571754
1734350788,DA1_lPN,DA1_lPN,acetylcholine,340,2018,5.935294117647059,2.0,61,8.029550230516657,301,1943,6.45514950166113,5.0,79,7.332267616109044,641,3961,1.1295681063122924,1.0386001029336078
1734350908,DA1_lPN,DA1_lPN,acetylcholine,352,2447,6.951704545454546,3.0,73,9.51624476698474,318,2199,6.915094339622642,5.0,97,8.81615729705069,670,4646,1.1069182389937107,1.1127785356980446
1765040289,DA1_lPN,DA1_lPN,acetylcholine,394,2175,5.520304568527918,2.0,84,8.177474423543888,297,2274,7.656565656565657,6.0,111,10.084938210320312,691,4449,1.3265993265993266,0.9564643799472295
5813039315,DA1_lPN,DA1_lPN,acetylcholine,334,2210,6.616766467065868,3.0,58,8.45105073833634,290,2130,7.344827586206897,5.0,109,9.494401417396935,624,4340,1.1517241379310346,1.0375586854460095
733316908,DA1_vPN,DA1_vPN,gaba,380,1552,4.08421052631579,2.0,57,6.02880186120618,311,2030,6.527331189710611,4.0,61,8.76310404662041,691,3582,1.2218649517684887,0.7645320197044335
818983130,DA2_lPN,DA2_lPN,acetylcholine,297,1353,4.555555555555555,2.0,24,5.069561169415992,183,503,2.748633879781421,2.0,28,3.3825969918356398,480,1856,1.6229508196721312,2.6898608349900597
1796817841,DA2_lPN,DA2_lPN,acetylcholine,296,1237,4.179054054054054,2.0,28,4.944269113656201,166,446,2.6867469879518073,2.0,13,2.306395381717769,462,1683,1.783132530120482,2.773542600896861
1796818119,DA2_lPN,DA2_lPN,acetylcholine,353,1599,4.529745042492918,2.0,26,5.072748514526438,188,724,3.851063829787234,2.0,28,4.353270199408607,541,2323,1.877659574468085,2.208563535911602
1797505019,DA2_lPN,DA2_lPN,acetylcholine,282,1110,3.9361702127659575,2.0,27,4.113535968372626,161,425,2.639751552795031,1.0,11,2.2900676710281287,443,1535,1.7515527950310559,2.611764705882353
1827516355,DA2_lPN,DA2_lPN,acetylcholine,306,1260,4.117647058823529,2.0,26,4.3161020308373,164,493,3.0060975609756095,2.0,18,2.97122591711673,470,1753,1.8658536585365855,2.5557809330628802
666135689,DA3_adPN,DA3_adPN,acetylcholine,289,1275,4.411764705882353,2.0,29,5.4141019569269275,232,904,3.896551724137931,2.0,22,4.486399476831205,521,2179,1.2456896551724137,1.4103982300884956
1702806746,DA3_adPN,DA3_adPN,acetylcholine,82,342,4.170731707317073,2.0,38,6.17802732918986,98,568,5.795918367346939,4.0,24,5.30310001475206,180,910,0.8367346938775511,0.602112676056338
1702815630,DA3_adPN,DA3_adPN,acetylcholine,65,300,4.615384615384615,2.0,34,5.973096735813392,89,442,4.966292134831461,4.0,16,3.9613170393714645,154,742,0.7303370786516854,0.6787330316742082
1703683361,DA3_adPN,DA3_adPN,acetylcholine,335,1190,3.5522388059701493,2.0,37,4.921794321586241,229,963,4.205240174672489,2.0,25,4.925476961404478,564,2153,1.462882096069869,1.2357217030114227
544021095,DA4l_adPN,DA4l_adPN,acetylcholine,482,4053,8.408713692946058,3.0,142,12.024963933148967,301,1379,4.5813953488372094,2.0,50,5.720505750937731,783,5432,1.601328903654485,2.9390862944162435
574037266,DA4m_adPN,DA4m_adPN,acetylcholine,667,4289,6.430284857571214,2.0,80,9.125049528507407,445,2035,4.573033707865169,2.0,50,5.703814987841725,1112,6324,1.498876404494382,2.1076167076167076
1640594274,DC1_adPN,DC1_adPN,acetylcholine,1070,13293,12.423364485981308,5.0,271,21.85917201553446,499,6232,12.488977955911823,2.0,159,24.435912794366633,1569,19525,2.1442885771543088,2.133023106546855
1380503545,DC2_adPN,DC2_adPN,acetylcholine,189,1477,7.814814814814815,5.0,50,8.314470377101252,219,1584,7.232876712328767,3.0,46,9.119271681362052,408,3061,0.863013698630137,0.9324494949494949
1703479954,DC2_adPN,DC2_adPN,acetylcholine,358,2043,5.706703910614525,2.0,77,9.051085007094063,410,2730,6.658536585365853,2.0,54,10.096138737808811,768,4773,0.8731707317073171,0.7483516483516484
1828206773,DC2_adPN,DC2_adPN,acetylcholine,574,4584,7.986062717770035,3.0,116,11.203487404397453,324,3050,9.41358024691358,2.0,72,14.719101576823048,898,7634,1.771604938271605,1.502950819672131
1889335463,DC2_adPN,DC2_adPN,acetylcholine,106,482,4.547169811320755,3.0,32,5.29893444000404,211,788,3.734597156398104,2.0,26,4.284600020648865,317,1270,0.5023696682464455,0.6116751269035533
5813055048,DC2_adPN,DC2_adPN,acetylcholine,542,4374,8.07011070110701,3.0,111,10.849783918507118,338,2724,8.059171597633137,2.0,78,12.386076293911547,880,7098,1.6035502958579881,1.605726872246696
1857825571,DC3_adPN,DC3_adPN,acetylcholine,377,3340,8.859416445623342,3.0,75,10.883027615700078,260,1974,7.592307692307692,3.0,55,10.74067515392318,637,5314,1.45,1.6919959473150963
1858171399,DC3_adPN,DC3_adPN,acetylcholine,395,3493,8.843037974683543,3.0,62,10.936163215414664,277,1987,7.1732851985559565,3.0,56,10.25679031187147,672,5480,1.4259927797833936,1.7579265223955711
5813039471,DC3_adPN,DC3_adPN,acetylcholine,399,3694,9.258145363408522,4.0,114,11.758500723529698,252,2210,8.76984126984127,3.0,86,12.357337416390035,651,5904,1.5833333333333333,1.6714932126696833
5813049472,DC4_adPN,DC4_adPN,acetylcholine,239,1560,6.527196652719665,4.0,54,7.9556473313719245,240,2794,11.641666666666667,3.0,87,18.930967228938723,479,4354,0.9958333333333333,0.5583392984967788
5813056596,DC4_adPN,DC4_adPN,acetylcholine,567,5435,9.585537918871252,3.0,97,13.815262812981796,273,3408,12.483516483516484,2.0,103,20.746737502572458,840,8843,2.076923076923077,1.5947769953051643
697848868,DC4_vPN,DC4_vPN,gaba,97,220,2.268041237113402,1.0,15,2.547529292919276,123,320,2.6016260162601625,1.0,20,3.0183586827410456,220,540,0.7886178861788617,0.6875
1447201088,DC4_vPN,DC4_vPN,gaba,104,202,1.9423076923076923,1.0,11,1.9747283115421916,147,455,3.0952380952380953,1.0,34,4.256072749747301,251,657,0.7074829931972789,0.44395604395604393
1484850301,DL1_adPN,DL1_adPN,acetylcholine,167,842,5.041916167664671,3.0,44,5.642302885201351,267,944,3.5355805243445695,2.0,16,3.002763129160347,434,1786,0.6254681647940075,0.8919491525423728
1670079387,DL1_adPN,DL1_adPN,acetylcholine,152,639,4.203947368421052,2.0,27,4.534399521114027,240,738,3.075,2.0,18,2.7356701580031757,392,1377,0.6333333333333333,0.8658536585365854
1700937093,DL1_adPN,DL1_adPN,acetylcholine,569,5520,9.701230228471001,5.0,133,13.56214239087439,382,4112,10.764397905759163,3.0,68,13.32855516203453,951,9632,1.4895287958115184,1.3424124513618676
1700946301,DL1_adPN,DL1_adPN,acetylcholine,564,5824,10.326241134751774,4.0,160,15.073412516304616,367,4215,11.485013623978201,4.0,77,13.791149808709275,931,10039,1.5367847411444142,1.3817319098457888
788648194,DL2d_adPN,DL2d_adPN,acetylcholine,371,3465,9.339622641509434,3.0,64,11.208974149262602,281,2229,7.932384341637011,2.0,69,11.780388561153398,652,5694,1.3202846975088969,1.5545087483176312
1756579280,DL2d_adPN,DL2d_adPN,acetylcholine,213,1482,6.957746478873239,3.0,49,8.147988442088332,201,1286,6.398009950248756,2.0,66,11.12343454243789,414,2768,1.0597014925373134,1.1524105754276828
1793014716,DL2d_adPN,DL2d_adPN,acetylcholine,285,2788,9.782456140350877,3.0,53,11.463431183965522,237,1976,8.337552742616033,2.0,107,16.09624071552095,522,4764,1.2025316455696202,1.4109311740890689
1793351401,DL2d_adPN,DL2d_adPN,acetylcholine,201,995,4.9502487562189055,2.0,25,5.8238743494181735,180,966,5.366666666666666,2.0,45,7.851199958103404,381,1961,1.1166666666666667,1.0300207039337475
5813024710,DL2d_adPN,DL2d_adPN,acetylcholine,285,2173,7.624561403508772,3.0,69,10.150769774143239,209,1693,8.10047846889952,3.0,79,13.713218277968075,494,3866,1.3636363636363635,1.2835203780271707
823314446,DL2d_vPN,DL2d_vPN,gaba,124,342,2.7580645161290325,2.0,18,3.176056172175164,66,162,2.4545454545454546,1.0,22,3.5395863216866643,190,504,1.878787878787879,2.111111111111111
1734420152,DL2v_adPN,DL2v_adPN,acetylcholine,289,1703,5.892733564013841,2.0,37,7.89859224897519,205,1940,9.463414634146341,3.0,67,13.221153506703711,494,3643,1.4097560975609755,0.8778350515463917
5813038793,DL2v_adPN,DL2v_adPN,acetylcholine,395,3150,7.974683544303797,2.0,77,10.481279763018811,262,2633,10.049618320610687,2.0,92,16.98459466082308,657,5783,1.5076335877862594,1.1963539688568172
5813039465,DL2v_adPN,DL2v_adPN,acetylcholine,341,2790,8.181818181818182,3.0,69,10.800425818501909,250,2779,11.116,2.5,97,17.59171446081032,591,5569,1.364,1.003958258366319
1609542060,DL3_lPN,DL3_lPN,acetylcholine,397,3101,7.811083123425693,3.0,129,12.77454373992571,300,3313,11.043333333333333,2.0,148,15.285076625488205,697,6414,1.3233333333333333,0.9360096589194083
1609883245,DL3_lPN,DL3_lPN,acetylcholine,256,974,3.8046875,2.0,28,4.510655956384031,224,1440,6.428571428571429,2.0,87,8.752413412935255,480,2414,1.1428571428571428,0.6763888888888889
1640568102,DL3_lPN,DL3_lPN,acetylcholine,248,867,3.495967741935484,2.0,48,4.5697455911884175,225,1216,5.404444444444445,3.0,62,6.642058750451133,473,2083,1.1022222222222222,0.7129934210526315
1670934213,DL4_adPN,DL4_adPN,acetylcholine,413,3564,8.62953995157385,3.0,130,12.974800035179353,311,2766,8.893890675241158,2.0,57,10.882287827575741,724,6330,1.3279742765273312,1.2885032537960954
1671102680,DL4_adPN,DL4_adPN,acetylcholine,146,1012,6.931506849315069,4.0,60,8.598843173395034,211,1330,6.303317535545023,4.0,29,6.0720231498261255,357,2342,0.6919431279620853,0.7609022556390977
693483018,DL5_adPN,DL5_adPN,acetylcholine,733,8482,11.57162346521146,4.0,161,18.552373427474294,340,4802,14.123529411764705,2.0,117,21.82883345044789,1073,13284,2.1558823529411764,1.7663473552686382
1700428338,DL5_adPN,DL5_adPN,acetylcholine,118,593,5.02542372881356,3.0,42,6.1428324773316385,156,828,5.3076923076923075,3.0,28,6.085005775293874,274,1421,0.7564102564102564,0.716183574879227
542634818,DM1_lPN,DM1_lPN,acetylcholine,1104,15565,14.09873188405797,6.0,322,24.654020068798275,583,9390,16.106346483704975,2.0,247,26.463338009820504,1687,24955,1.8936535162950257,1.6576144834930777
5813061392,DM1_lPN,DM1_lPN,acetylcholine,359,4818,13.420612813370473,4.0,207,26.66225165492521,443,6959,15.70880361173815,3.0,88,20.768353692126244,802,11777,0.8103837471783296,0.6923408535709153
630714299,DM2_lPN,DM2_lPN,acetylcholine,675,5756,8.527407407407408,3.0,108,11.923485226436478,405,3797,9.375308641975309,3.0,84,12.406576933385349,1080,9553,1.6666666666666667,1.5159336318145904
5813050013,DM2_lPN,DM2_lPN,acetylcholine,191,1221,6.392670157068062,2.0,120,11.950677086790366,279,2301,8.24731182795699,3.0,91,10.253957909981867,470,3522,0.6845878136200717,0.530638852672751
5813054061,DM2_lPN,DM2_lPN,acetylcholine,298,2248,7.543624161073826,4.0,91,10.764064933469118,333,3352,10.066066066066066,2.0,120,14.721567096977243,631,5600,0.8948948948948949,0.6706443914081146
5901222910,DM2_lPN,DM2_lPN,acetylcholine,704,5735,8.146306818181818,3.0,102,11.385269762475316,414,3639,8.789855072463768,3.0,57,11.36673680296823,1118,9374,1.7004830917874396,1.5759824127507558
755518957,DM3_adPN,DM3_adPN,acetylcholine,740,7901,10.677027027027027,5.0,135,14.909279537208322,422,4281,10.144549763033176,2.0,65,13.537331375521429,1162,12182,1.7535545023696681,1.845596823172156
850898421,DM3_adPN,DM3_adPN,acetylcholine,169,1950,11.538461538461538,3.0,154,19.245902470519848,229,3307,14.441048034934498,10.0,61,13.110270205518937,398,5257,0.7379912663755459,0.5896583005745388
1570685283,DM3_vPN,DM3_vPN,gaba,112,271,2.419642857142857,1.5,10,2.0952042746188146,125,246,1.968,1.0,51,4.667899990636116,237,517,0.896,1.1016260162601625
573333835,DM4_adPN,DM4_adPN,acetylcholine,947,12428,13.123548046462513,6.0,241,22.006738946701052,480,6870,14.3125,2.0,119,22.314843585803434,1427,19298,1.9729166666666667,1.8090247452692867
851235543,DM4_adPN,DM4_adPN,acetylcholine,282,2824,10.01418439716312,3.0,120,17.551342403102105,334,3693,11.05688622754491,3.0,69,14.012855440724156,616,6517,0.844311377245509,0.7646899539669645
542652506,DM4_vPN,DM4_vPN,gaba,122,292,2.3934426229508197,1.0,14,2.3760421882095732,75,117,1.56,1.0,15,1.832440404989433,197,409,1.6266666666666667,2.4957264957264957
604031203,DM4_vPN,DM4_vPN,gaba,143,399,2.7902097902097904,1.0,24,3.705445453925364,79,222,2.810126582278481,1.0,81,9.062568761001158,222,621,1.8101265822784811,1.7972972972972974
635416407,DM5_lPN,DM5_lPN,acetylcholine,444,2198,4.95045045045045,3.0,34,5.401887035454804,240,697,2.904166666666667,1.0,17,3.1040504199775647,684,2895,1.85,3.15351506456241
697485362,DM5_lPN,DM5_lPN,acetylcholine,426,2189,5.13849765258216,2.0,39,6.052093199099192,234,534,2.282051282051282,1.0,20,2.6068452439901826,660,2723,1.8205128205128205,4.099250936329588
5901195610,DM5_lPN,DM5_lPN,acetylcholine,153,632,4.130718954248366,2.0,47,6.82361689326269,172,1249,7.261627906976744,4.0,46,7.483012631031417,325,1881,0.8895348837209303,0.5060048038430744
788306624,DM6_adPN,DM6_adPN,acetylcholine,345,2695,7.811594202898551,3.0,50,9.161464038199465,245,1697,6.926530612244898,3.0,33,7.668510646596828,590,4392,1.4081632653061225,1.5880966411314084
881933350,DM6_adPN,DM6_adPN,acetylcholine,139,893,6.424460431654676,2.0,68,9.492925220170115,177,1567,8.853107344632768,5.0,42,8.196514222715923,316,2460,0.7853107344632768,0.5698787492022974
882615309,DM6_adPN,DM6_adPN,acetylcholine,169,988,5.846153846153846,2.0,54,8.609933355198075,182,1638,9.0,6.0,32,8.26829129167435,351,2626,0.9285714285714286,0.6031746031746031
913649999,DM6_adPN,DM6_adPN,acetylcholine,140,762,5.442857142857143,2.0,43,7.753645166032553,189,1675,8.862433862433862,5.0,32,8.850538894646798,329,2437,0.7407407407407407,0.45492537313432835
1764091241,DM6_adPN,DM6_adPN,acetylcholine,347,2471,7.121037463976945,3.0,55,8.907182986059473,236,1862,7.889830508474576,4.0,43,8.575853184581158,583,4333,1.4703389830508475,1.3270676691729324
5813039235,DM6_adPN,DM6_adPN,acetylcholine,339,2517,7.424778761061947,4.0,72,8.75890617890776,202,1422,7.03960396039604,4.0,35,7.0702527164319315,541,3939,1.6782178217821782,1.770042194092827
5813070872,DM6_adPN,DM6_adPN,acetylcholine,337,2647,7.85459940652819,3.0,56,9.702398355150313,223,1434,6.430493273542601,3.0,28,6.5059476066203965,560,4081,1.5112107623318385,1.8458856345885635
724816115,DP1l_adPN,DP1l_adPN,acetylcholine,863,12504,14.48899188876014,8.0,318,26.01480136925587,406,7132,17.56650246305419,2.0,163,32.793619690854335,1269,19636,2.125615763546798,1.7532249018508133
730213826,DP1l_vPN,DP1l_vPN,gaba,131,307,2.3435114503816794,1.0,14,2.2829501573669377,75,176,2.3466666666666667,2.0,23,2.7826359918363495,206,483,1.7466666666666666,1.7443181818181819
635062078,DP1m_adPN,DP1m_adPN,acetylcholine,1239,18132,14.634382566585957,7.0,390,27.843802953731394,629,12443,19.782193958664546,2.0,240,42.56103074986535,1868,30575,1.9697933227344993,1.457204854134855
1006068474,DP1m_adPN,DP1m_adPN,acetylcholine,388,4184,10.783505154639176,3.0,203,21.579479583700167,525,7272,13.851428571428572,3.0,143,25.957481802072163,913,11456,0.7390476190476191,0.5753575357535754
635048729,DP1m_vPN,DP1m_vPN,gaba,133,373,2.8045112781954886,1.0,17,3.2132741883227975,84,252,3.0,1.0,59,6.508567106754953,217,625,1.5833333333333333,1.4801587301587302
1536947502,D_adPN,D_adPN,acetylcholine,457,3138,6.866520787746171,3.0,69,8.71236993258553,270,2287,8.47037037037037,3.0,76,12.555492135394143,727,5425,1.6925925925925926,1.3721031919545257
1671076884,D_adPN,D_adPN,acetylcholine,187,1099,5.877005347593583,3.0,97,9.24812422800053,208,1826,8.778846153846153,3.5,66,13.442277190026683,395,2925,0.8990384615384616,0.6018619934282585
5812994744,D_adPN,D_adPN,acetylcholine,182,1106,6.076923076923077,3.0,116,10.501492416148569,232,1914,8.25,3.0,62,13.408903806750992,414,3020,0.7844827586206896,0.5778474399164054
5813038889,D_adPN,D_adPN,acetylcholine,435,3179,7.308045977011494,3.0,67,9.370106629421523,274,2332,8.510948905109489,3.0,76,13.033974645785412,709,5511,1.5875912408759123,1.3632075471698113
5813055184,D_adPN,D_adPN,acetylcholine,429,3342,7.79020979020979,3.0,66,9.27904871467669,284,2343,8.25,3.0,64,12.61935946138106,713,5685,1.5105633802816902,1.4263764404609476
603349484,M_vPNml85,DM3_vPN,gaba,120,298,2.4833333333333334,1.0,17,2.68823560058595,54,120,2.2222222222222223,1.0,23,3.7450176545250633,174,418,2.2222222222222223,2.4833333333333334
635407942,M_vPNml85,DM3_vPN,gaba,113,226,2.0,1.0,10,1.7677669529663689,56,125,2.232142857142857,1.0,21,3.722125841400419,169,351,2.017857142857143,1.808
634379734,M_vPNml88,DM3_vPN,gaba,130,289,2.223076923076923,1.0,10,1.909849560272793,60,100,1.6666666666666667,1.0,8,1.3612888542233674,190,389,2.1666666666666665,2.89
481268653,M_vPNml89,DM3_vPN,gaba,109,257,2.3577981651376145,1.0,21,2.9424194371419374,31,39,1.2580645161290323,1.0,4,0.6815542010964778,140,296,3.5161290322580645,6.589743589743589
1694850602,M_vPNml89,DM3_vPN,gaba,145,305,2.103448275862069,1.0,15,2.244512251925159,29,45,1.5517241379310345,1.0,9,1.7234974179712872,174,350,5.0,6.777777777777778
1819326555,M_vPNml89,DM3_vPN,gaba,98,223,2.2755102040816326,2.0,18,2.482020345351779,28,30,1.0714285714285714,1.0,2,0.26226526415648105,126,253,3.5,7.433333333333334
850375847,VA1d_adPN,VA1d_adPN,acetylcholine,367,3368,9.177111716621253,3.0,79,13.858327647553248,303,2365,7.805280528052806,4.0,145,11.495969859784337,670,5733,1.2112211221122111,1.4241014799154335
1851061177,VA1d_adPN,VA1d_adPN,acetylcholine,449,4128,9.193763919821826,3.0,106,13.872678581459978,309,2892,9.359223300970873,5.0,156,13.240670105750901,758,7020,1.4530744336569579,1.4273858921161826
5813055162,VA1d_adPN,VA1d_adPN,acetylcholine,418,3875,9.270334928229666,3.0,106,12.82762046873667,306,2530,8.267973856209151,5.0,156,11.721638410598686,724,6405,1.3660130718954249,1.5316205533596838
1888524453,VA1d_vPN,VA1d_vPN,gaba,260,853,3.2807692307692307,2.0,30,4.327564451029478,207,1364,6.5893719806763285,2.0,48,8.557088873678167,467,2217,1.2560386473429952,0.625366568914956
1788300760,VA1v_adPN,VA1v_adPN,acetylcholine,391,2858,7.309462915601023,2.0,75,10.393730233767815,362,2515,6.947513812154696,4.0,116,9.166360690971265,753,5373,1.080110497237569,1.1363817097415507
5813024601,VA1v_adPN,VA1v_adPN,acetylcholine,501,3142,6.271457085828343,2.0,57,9.157410314748091,376,2904,7.723404255319149,4.0,116,10.344626178849671,877,6046,1.3324468085106382,1.0819559228650137
5813054697,VA1v_adPN,VA1v_adPN,acetylcholine,441,2935,6.655328798185941,2.0,66,9.64266206846667,367,2602,7.08991825613079,4.0,105,9.27892504513856,808,5537,1.2016348773841963,1.127978478093774
856071065,VA1v_vPN,VA1v_vPN,gaba,315,1381,4.3841269841269845,2.0,65,7.501702701608093,288,1833,6.364583333333333,3.0,85,9.189586355585305,603,3214,1.09375,0.7534097108565194
887105351,VA1v_vPN,VA1v_vPN,gaba,315,1183,3.7555555555555555,1.0,80,7.329848621966782,268,2038,7.604477611940299,3.0,94,10.884148978079315,583,3221,1.1753731343283582,0.5804710500490677
1977579449,VA2_adPN,VA2_adPN,acetylcholine,941,10412,11.064824654622742,5.0,256,17.286295324899644,638,6296,9.86833855799373,2.0,97,14.542685529702231,1579,16708,1.474921630094044,1.653748411689962
1889253785,VA3_adPN,VA3_adPN,acetylcholine,543,4955,9.125230202578269,4.0,99,11.404463127941488,296,2978,10.06081081081081,2.0,78,15.998612800607026,839,7933,1.8344594594594594,1.6638683680322364
5813055025,VA3_adPN,VA3_adPN,acetylcholine,582,5103,8.768041237113403,3.0,106,11.371044966339888,347,3297,9.501440922190202,2.0,90,17.20000918130039,929,8400,1.6772334293948126,1.5477707006369428
1630051981,VA4_lPN,VA4_lPN,acetylcholine,688,8027,11.667151162790697,6.0,181,16.262976125376156,408,3538,8.67156862745098,2.0,138,14.391677075036597,1096,11565,1.6862745098039216,2.2687959299039004
574032862,VA5_lPN,VA5_lPN,acetylcholine,389,3028,7.784061696658098,4.0,51,8.984502863682776,257,1953,7.599221789883268,2.0,101,15.574382993943072,646,4981,1.5136186770428015,1.5504352278545828
574037281,VA5_lPN,VA5_lPN,acetylcholine,393,2754,7.00763358778626,3.0,61,8.215990055987984,216,1950,9.027777777777779,3.0,111,17.722647885178315,609,4704,1.8194444444444444,1.4123076923076923
574374051,VA5_lPN,VA5_lPN,acetylcholine,384,3048,7.9375,3.0,66,9.587919400653115,250,2022,8.088,2.0,107,17.10469345392108,634,5070,1.536,1.5074183976261128
1578658131,VA6_adPN,VA6_adPN,acetylcholine,238,2025,8.508403361344538,3.0,67,12.327712801863155,343,3746,10.921282798833818,5.0,71,13.42282191110415,581,5771,0.6938775510204082,0.5405766150560598
1881751117,VA6_adPN,VA6_adPN,acetylcholine,791,10173,12.860935524652339,6.0,191,18.72325782088906,486,5453,11.220164609053498,4.0,123,15.12009943694674,1277,15626,1.6275720164609053,1.865578580597836
1692817033,VA7l_adPN,VA7l_adPN,acetylcholine,672,7305,10.870535714285714,5.0,146,16.2264037834139,376,2829,7.523936170212766,2.0,71,12.704832106928775,1048,10134,1.7872340425531914,2.582184517497349
1882083076,VA7m_lPN,VA7m_lPN,acetylcholine,373,2491,6.67828418230563,3.0,37,6.817788659774217,282,1598,5.666666666666667,2.0,45,8.035213130920173,655,4089,1.322695035460993,1.5588235294117647
5813050729,VA7m_lPN,VA7m_lPN,acetylcholine,409,2625,6.418092909535452,3.0,52,7.201495302323388,282,1644,5.829787234042553,2.0,38,7.108670908812764,691,4269,1.450354609929078,1.5967153284671534
5813055180,VA7m_lPN,VA7m_lPN,acetylcholine,380,2241,5.897368421052631,3.0,39,6.49273947419261,263,1491,5.669201520912548,2.0,43,7.719861499647397,643,3732,1.4448669201520912,1.5030181086519114
606090268,VC1_lPN,VC1_lPN,acetylcholine,651,9014,13.846390168970814,5.0,237,22.852727122798118,329,4265,12.963525835866262,2.0,133,22.600423743466372,980,13279,1.9787234042553192,2.11348182883939
1850706912,VC2_lPN,VC2_lPN,acetylcholine,680,8101,11.913235294117648,4.0,145,18.193602951016956,389,3618,9.300771208226221,2.0,94,15.603810148687478,1069,11719,1.7480719794344473,2.2390823659480374
693125078,VC3l_adPN,VC3_adPN,acetylcholine,401,3212,8.00997506234414,3.0,50,9.307518479668817,313,1924,6.146964856230032,2.0,40,8.055743216562753,714,5136,1.281150159744409,1.6694386694386694
1914823337,VC3l_adPN,VC3_adPN,acetylcholine,410,2968,7.239024390243903,3.0,72,9.263406409758893,318,2193,6.89622641509434,2.0,41,8.86626461232146,728,5161,1.2893081761006289,1.3533971728226175
5813000276,VC3l_adPN,VC3_adPN,acetylcholine,460,3258,7.082608695652174,3.0,60,8.123617478431141,347,1930,5.561959654178675,2.0,46,7.922204448023707,807,5188,1.3256484149855907,1.688082901554404
662776660,VC3m_lvPN,VC5_lvPN,acetylcholine,533,4250,7.973733583489681,3.0,73,9.603965372895516,385,2084,5.412987012987013,2.0,60,7.290357334516262,918,6334,1.3844155844155843,2.0393474088291748
1442819296,VC3m_lvPN,VC5_lvPN,acetylcholine,487,3815,7.833675564681725,3.0,55,9.57078112158256,326,1557,4.776073619631902,2.0,40,5.805740759530273,813,5372,1.4938650306748467,2.4502247912652537
1818307672,VC3m_lvPN,VC5_lvPN,acetylcholine,388,2337,6.02319587628866,3.0,54,7.426607524348279,314,1012,3.2229299363057327,2.0,29,3.8735586433879488,702,3349,1.2356687898089171,2.309288537549407
754854077,VC4_adPN,VC4_adPN,acetylcholine,405,2463,6.0814814814814815,2.0,39,7.877513917636215,232,1092,4.706896551724138,2.0,40,5.404050495275365,637,3555,1.7456896551724137,2.2554945054945055
788306724,VC4_adPN,VC4_adPN,acetylcholine,401,2524,6.29426433915212,2.0,88,8.382015987812848,261,1948,7.46360153256705,3.0,40,9.273391258898389,662,4472,1.5363984674329503,1.2956878850102669
5813055147,VC4_adPN,VC4_adPN,acetylcholine,476,3550,7.457983193277311,3.0,85,9.733735115172829,297,2180,7.34006734006734,2.0,41,10.02204549687318,773,5730,1.6026936026936027,1.628440366972477
636789080,VC5_adPN,VM6_adPN,acetylcholine,748,9500,12.70053475935829,4.0,151,18.104816039849975,601,5768,9.597337770382696,2.0,155,15.803193545421585,1349,15268,1.2445923460898503,1.647018030513176
1912789965,VL1_ilPN,VL1_ilPN,acetylcholine,371,3335,8.98921832884097,3.0,160,15.532177313243675,282,3359,11.911347517730496,5.0,77,12.870112649127105,653,6694,1.3156028368794326,0.9928550163739208
2166133204,VL1_ilPN,VL1_ilPN,acetylcholine,368,3123,8.486413043478262,3.0,134,13.622582235821133,285,2517,8.83157894736842,4.0,50,9.242415198168167,653,5640,1.2912280701754386,1.2407628128724673
757556799,VL1_vPN,VL1_vPN,gaba,353,1931,5.470254957507082,2.0,82,11.103584811827586,277,1504,5.4296028880866425,2.0,160,13.57105258703214,630,3435,1.2743682310469313,1.283909574468085
5813069089,VL2a_adPN,VL2a_adPN,acetylcholine,818,11590,14.168704156479217,5.0,250,22.137179933443143,416,6587,15.834134615384615,3.0,133,23.500707771369964,1234,18177,1.9663461538461537,1.7595263397601335
948834414,VL2a_vPN,VL2a_vPN,gaba,138,402,2.9130434782608696,1.0,23,3.531874176011389,163,760,4.662576687116564,3.0,45,5.486482669719477,301,1162,0.8466257668711656,0.5289473684210526
1889883818,VL2a_vPN,VL2a_vPN,gaba,156,396,2.5384615384615383,1.0,22,3.1364344156497928,181,793,4.3812154696132595,3.0,67,5.95664714257045,337,1189,0.861878453038674,0.49936948297604034
5813077810,VL2a_vPN,VL2a_vPN,gaba,142,368,2.591549295774648,2.0,14,2.6015678022045834,154,576,3.74025974025974,2.0,28,4.099745241256482,296,944,0.922077922077922,0.6388888888888888
1944507292,VL2p_adPN,VL2p_adPN,acetylcholine,863,13407,15.535341830822711,7.0,304,23.661933365075463,409,6856,16.762836185819072,2.0,179,27.82913531406413,1272,20263,2.1100244498777507,1.9555134189031504
824353701,VL2p_vPN,VL2p_vPN,gaba,174,448,2.574712643678161,2.0,20,2.8493267997452882,133,710,5.338345864661654,2.0,93,9.302889106506447,307,1158,1.3082706766917294,0.6309859154929578
1850711304,VM1_lPN,VM1_lPN,acetylcholine,478,4796,10.03347280334728,3.0,114,12.83139039732674,386,2028,5.253886010362694,2.0,42,7.51053272030798,864,6824,1.238341968911917,2.3648915187376724
697132371,VM2_adPN,VM2_adPN,acetylcholine,276,1784,6.463768115942029,3.0,45,7.096897575998686,96,170,1.7708333333333333,1.0,22,2.472923548594453,372,1954,2.875,10.494117647058824
727472481,VM2_adPN,VM2_adPN,acetylcholine,322,1577,4.89751552795031,2.0,43,5.870252907462969,124,240,1.935483870967742,1.0,27,2.689159011053383,446,1817,2.596774193548387,6.570833333333334
1851389175,VM3_adPN,VM3_adPN,acetylcholine,436,3236,7.422018348623853,3.0,47,8.745487982659114,298,1032,3.4630872483221475,2.0,41,4.8659104019186525,734,4268,1.4630872483221478,3.135658914728682
1977916288,VM3_adPN,VM3_adPN,acetylcholine,438,3056,6.9771689497716896,3.0,39,8.46905413892271,287,1041,3.6271777003484322,2.0,30,4.142187867353681,725,4097,1.5261324041811846,2.935638808837656
694834412,VM4_adPN,VM4_adPN,acetylcholine,560,4562,8.146428571428572,3.0,85,10.976800454771377,383,1804,4.710182767624021,2.0,52,5.486497057914872,943,6366,1.4621409921671018,2.5288248337028825
726207450,VM4_lvPN,VM4_lvPN,acetylcholine,257,1090,4.2412451361867705,2.0,36,5.83197101703873,272,1030,3.786764705882353,2.0,40,4.1314348681654955,529,2120,0.9448529411764706,1.058252427184466
1850024931,VM4_lvPN,VM4_lvPN,acetylcholine,220,865,3.9318181818181817,2.0,46,6.038679462196722,222,702,3.1621621621621623,2.0,21,2.9012106711164276,442,1567,0.990990990990991,1.2321937321937322
1006258344,VM5d_adPN,VM5d_adPN,acetylcholine,322,2195,6.816770186335404,3.0,54,8.361421095993729,310,1734,5.593548387096774,3.0,28,6.005064501396793,632,3929,1.038709677419355,1.2658592848904267
1547273567,VM5d_adPN,VM5d_adPN,acetylcholine,233,767,3.291845493562232,2.0,30,4.051476160546072,287,1471,5.125435540069686,3.0,25,5.077540123745256,520,2238,0.8118466898954704,0.521414004078858
1693577325,VM5d_adPN,VM5d_adPN,acetylcholine,257,943,3.669260700389105,2.0,31,4.284276831266399,316,1540,4.8734177215189876,3.0,23,4.643800000089131,573,2483,0.8132911392405063,0.6123376623376623
1856259388,VM5d_adPN,VM5d_adPN,acetylcholine,190,661,3.4789473684210526,1.5,31,4.873758579949151,270,1353,5.011111111111111,3.0,19,4.529525881237243,460,2014,0.7037037037037037,0.4885439763488544
1888572074,VM5d_adPN,VM5d_adPN,acetylcholine,334,1712,5.125748502994012,2.0,30,5.516211043179515,259,1591,6.142857142857143,4.0,28,5.865982039988383,593,3303,1.2895752895752897,1.0760527969830296
1914140664,VM5d_adPN,VM5d_adPN,acetylcholine,332,2171,6.539156626506024,2.0,41,7.758922544070176,291,1765,6.065292096219931,3.0,31,6.086094792901168,623,3936,1.140893470790378,1.230028328611898
1914823414,VM5d_adPN,VM5d_adPN,acetylcholine,336,2264,6.738095238095238,2.0,55,8.980401942431032,304,1974,6.493421052631579,3.0,29,6.722207627445467,640,4238,1.105263157894737,1.1469098277608916
5813024712,VM5d_adPN,VM5d_adPN,acetylcholine,291,1764,6.061855670103093,2.0,40,6.84782537793446,256,1299,5.07421875,3.0,24,5.106547063982341,547,3063,1.13671875,1.3579676674364896
1887971628,VM5v_adPN,VM5v_adPN,acetylcholine,151,511,3.384105960264901,2.0,13,2.8655678370433963,252,942,3.738095238095238,2.0,27,4.697508997302527,403,1453,0.5992063492063492,0.5424628450106157
2010992546,VM5v_adPN,VM5v_adPN,acetylcholine,355,2445,6.887323943661972,3.0,70,8.525053300651258,254,2070,8.149606299212598,2.0,58,11.926705504547897,609,4515,1.3976377952755905,1.181159420289855
5813034571,VM5v_adPN,VM5v_adPN,acetylcholine,375,3029,8.077333333333334,3.0,72,10.521528392529051,240,2082,8.675,2.5,51,11.267877473664079,615,5111,1.5625,1.4548511047070125
913650065,VM7d_adPN,VM7d_adPN,acetylcholine,174,622,3.574712643678161,2.0,38,4.498251899145147,223,991,4.443946188340807,2.0,30,5.068472292957579,397,1613,0.7802690582959642,0.627648839556004
913650068,VM7d_adPN,VM7d_adPN,acetylcholine,238,935,3.9285714285714284,2.0,29,4.357342953339786,279,1423,5.100358422939068,2.0,55,6.971470630273696,517,2358,0.8530465949820788,0.657062543921293
1851393805,VM7d_adPN,VM7d_adPN,acetylcholine,509,3243,6.3713163064833,2.0,88,9.765843297492053,289,2116,7.321799307958478,3.0,54,9.94098430606707,798,5359,1.7612456747404843,1.5326086956521738
5813050727,VM7d_adPN,VM7d_adPN,acetylcholine,539,4149,7.6975881261595545,2.0,143,12.90944345165706,327,2232,6.825688073394495,3.0,51,9.39244315423153,866,6381,1.6483180428134556,1.8588709677419355
5813057542,VM7d_adPN,VM7d_adPN,acetylcholine,278,1029,3.7014388489208634,2.0,55,5.191710771809645,340,1499,4.408823529411765,2.0,31,5.834535955950021,618,2528,0.8176470588235294,0.686457638425617
693479072,VM7v_adPN,VM7v_adPN,acetylcholine,456,2588,5.675438596491228,2.0,48,7.567420759417804,254,1842,7.251968503937008,2.0,61,10.616914317609545,710,4430,1.795275590551181,1.4049945711183496
820545761,VM7v_adPN,VM7v_adPN,acetylcholine,177,588,3.3220338983050848,2.0,25,3.2461901338658543,206,810,3.9320388349514563,2.0,28,5.08227361435484,383,1398,0.8592233009708737,0.725925925925926
913650164,VM7v_adPN,VM7v_adPN,acetylcholine,175,602,3.44,2.0,20,3.6365956038865375,219,884,4.036529680365297,2.0,27,4.897906200545737,394,1486,0.7990867579908676,0.6809954751131222
1889253763,VM7v_adPN,VM7v_adPN,acetylcholine,427,2456,5.751756440281031,3.0,53,7.3831565355749,246,1546,6.284552845528455,2.0,48,9.101711276819527,673,4002,1.7357723577235773,1.5886157826649419
698508565,V_ilPN,V_ilPN,acetylcholine,623,5462,8.76725521669342,4.0,147,13.904893538571388,243,3829,15.757201646090534,3.0,67,19.9688471111072,866,9291,2.5637860082304527,1.4264821102115435
2064165421,V_ilPN,V_ilPN,acetylcholine,562,5307,9.44306049822064,4.0,163,15.859941687517306,258,3781,14.655038759689923,3.0,71,18.951124772797357,820,9088,2.1782945736434107,1.403596932028564
666818300,V_l2PN,V_l2PN,acetylcholine,401,1851,4.615960099750623,2.0,93,7.955321780946638,331,2524,7.625377643504532,2.0,160,15.19644563982729,732,4375,1.2114803625377644,0.7333597464342314
